-- --------------------------------------------------------
-- Host:                         localhost
-- Server version:               10.11.1-MariaDB - mariadb.org binary distribution
-- Server OS:                    Win64
-- HeidiSQL Version:             11.3.0.6295
-- --------------------------------------------------------

/*!40101 SET @OLD_CHARACTER_SET_CLIENT = @@CHARACTER_SET_CLIENT */;
/*!40101 SET NAMES utf8 */;
/*!50503 SET NAMES utf8mb4 */;
/*!40014 SET @OLD_FOREIGN_KEY_CHECKS = @@FOREIGN_KEY_CHECKS, FOREIGN_KEY_CHECKS = 0 */;
/*!40101 SET @OLD_SQL_MODE = @@SQL_MODE, SQL_MODE = 'NO_AUTO_VALUE_ON_ZERO' */;
/*!40111 SET @OLD_SQL_NOTES = @@SQL_NOTES, SQL_NOTES = 0 */;

-- Dumping data for table forumdb.comments: ~53 rows (approximately)
/*!40000 ALTER TABLE `comments`
    DISABLE KEYS */;
INSERT INTO `comments` (`comment_id`, `content`, `creation`, `last_update`, `user_id`, `post_id`)
VALUES (2, 'Better to buy second hand.', '2023-02-24 14:47:06', '2023-02-24 14:47:06', 4, 2),
       (5, 'I would recommend increasing your budget.', '2023-03-10 18:00:15', '2023-03-10 18:00:15', 1, 2),
       (13, 'Damn that\'s a long post!', '2023-03-22 18:37:32', '2023-03-22 18:37:32', 1, 7),
       (18,
        'Have you tried checking for any background programs that may be using your internet bandwidth? Sometimes, certain programs can consume a lot of your bandwidth and slow down your internet speed. You can check this by opening the Task Manager and looking for any high network usage programs.',
        '2023-03-25 16:57:57', '2023-03-25 16:58:01', 193, 8),
       (19,
        'Another thing you could try is updating your network drivers. Outdated drivers can sometimes cause slow internet speeds. You can do this by going to the Device Manager, finding your network adapter, right-clicking on it, and selecting "Update driver."',
        '2023-03-25 16:57:59', '2023-03-25 16:58:02', 95, 8),
       (20,
        'If none of the above suggestions work, you may want to contact your internet service provider and see if there are any issues on their end. They may be able to troubleshoot and fix the issue for you.',
        '2023-03-25 16:58:00', '2023-03-25 16:58:02', 91, 8),
       (21,
        'When it comes to building a gaming PC, the components you choose play a significant role in determining the overall performance. Here are some recommendations for the best PC components to build a gaming PC:\n\n    Processor: Intel Core i5 or i7 or AMD Ryzen 5 or 7\n    Graphics Card: NVIDIA GeForce GTX 1660 or RTX 2060 or AMD Radeon RX 5700\n    RAM: 16GB DDR4\n    Storage: SSD with at least 500GB\n    Motherboard: ASUS or MSI B450 or Z390 chipset\n    Power Supply Unit: 550W or above\n\nThese are just some basic recommendations, but you can customize your build based on your specific needs and budget. Don\'t forget to also consider factors such as cooling, case size, and additional peripherals like a gaming monitor and keyboard.',
        '2023-03-25 16:59:21', '2023-03-25 16:59:24', 178, 9),
       (22,
        'It\'s important to do some research and compare prices before you start building your gaming PC. Don\'t rush into buying components without checking reviews and comparing prices to make sure you\'re getting the best value for your money. It\'s also a good idea to set a budget for each component and prioritize the ones that will make the biggest impact on your gaming experience.',
        '2023-03-25 16:59:23', '2023-03-25 16:59:25', 78, 9),
       (23,
        'You can also check out some online PC building guides and tutorials to help you get started with your gaming PC build. These guides can give you step-by-step instructions on how to choose and install each component, as well as tips on troubleshooting and optimizing your build for the best performance. Good luck with your build!',
        '2023-03-25 16:59:23', '2023-03-25 16:59:26', 225, 9),
       (24,
        'Sure, upgrading your PC\'s RAM can definitely help with performance. The first thing you\'ll need to do is figure out what type of RAM your motherboard supports. Once you know that, you can purchase the appropriate RAM sticks and install them. Make sure to turn off your PC and unplug it before you start the installation process. You\'ll also want to be careful when handling the RAM sticks, as they are sensitive to static electricity. Once the RAM sticks are installed, turn your PC back on and check to make sure they are recognized by your system. Good luck!',
        '2023-03-25 17:01:42', '2023-03-25 17:01:45', 187, 10),
       (25,
        'In addition to what the previous commenter mentioned, you may also want to consider the amount of RAM you are planning to upgrade to. Generally, 8GB of RAM is sufficient for most tasks, including gaming. However, if you plan on running more demanding applications or games, you may want to consider upgrading to 16GB or even 32GB of RAM. Keep in mind that your operating system and motherboard may have limitations on how much RAM can be installed.',
        '2023-03-25 17:01:44', '2023-03-25 17:01:46', 135, 10),
       (26,
        'Another thing to keep in mind when upgrading your RAM is to make sure that the RAM sticks you purchase are compatible with your existing RAM. If you mix and match different types of RAM, you may run into compatibility issues or reduced performance. It\'s generally best to purchase identical RAM sticks from the same manufacturer to ensure compatibility.',
        '2023-03-25 17:01:44', '2023-03-25 17:01:47', 182, 10),
       (27,
        'There are several good PC maintenance software options available. Some of the best ones include CCleaner, AVG TuneUp, Glary Utilities, and Advanced SystemCare. These programs can help you clean up your PC, optimize performance, and fix any issues that may be slowing it down. It\'s a good idea to research each of these options and choose the one that best suits your needs.',
        '2023-03-25 17:03:03', '2023-03-25 17:03:07', 94, 11),
       (28,
        'In addition to the ones mentioned, I would also recommend checking out Malwarebytes. This program can help you remove any malware or viruses that may be causing issues with your PC\'s performance. It\'s always a good idea to run a virus scan regularly to ensure that your PC is running at its best.',
        '2023-03-25 17:03:05', '2023-03-25 17:03:07', 87, 11),
       (29,
        'Don\'t forget about Windows\' built-in maintenance tools. You can use Disk Cleanup to remove unnecessary files and free up space, and Disk Defragmenter to optimize your hard drive. These tools are already on your PC and can be accessed by typing \'Disk Cleanup\' or \'Disk Defragmenter\' in the Start menu search bar.',
        '2023-03-25 17:03:06', '2023-03-25 17:03:08', 193, 11),
       (30,
        'You can try adjusting the power settings on your laptop to optimize battery life. Go to Control Panel > Power Options and select the "Power saver" option. You can also customize the power plan to further extend battery life.',
        '2023-03-25 17:05:24', '2023-03-25 17:05:27', 183, 12),
       (31,
        'Another way to improve your laptop\'s battery life is to reduce the screen brightness and turn off any unnecessary features, such as Bluetooth and Wi-Fi, when not in use. Additionally, closing any unused programs and tabs can also help conserve battery life.',
        '2023-03-25 17:05:26', '2023-03-25 17:05:28', 143, 12),
       (32,
        'If you\'re still not satisfied with your laptop\'s battery life, you may want to consider purchasing a new battery or upgrading to a laptop with a longer battery life. Some laptops are specifically designed for long battery life and may be a better option for your needs.',
        '2023-03-25 17:05:26', '2023-03-25 17:05:28', 189, 12),
       (33,
        'If you\'re looking for a keyboard with a comfortable and responsive typing experience, you might want to consider mechanical keyboards. They have individual switches under each key which provide a satisfying tactile feedback and improve typing accuracy. Some popular mechanical keyboards for typing include the Das Keyboard, the Filco Majestouch, and the Ducky One 2.',
        '2023-03-25 17:07:05', '2023-03-25 17:07:08', 99, 13),
       (34,
        'Another thing to consider when choosing a keyboard for typing is the layout. Some people prefer ergonomic keyboards that are split in the middle, while others prefer the traditional layout. You may also want to look for a keyboard with programmable keys, which can help increase your typing speed and productivity.',
        '2023-03-25 17:07:06', '2023-03-25 17:07:08', 226, 13),
       (35,
        'It\'s also important to consider the noise level of the keyboard, especially if you\'re going to be typing in a shared workspace. Some mechanical keyboards can be quite loud, so you may want to look for a keyboard with quieter switches, such as Cherry MX Brown or Red. Additionally, you may want to consider a keyboard with a wrist rest for added comfort during long typing sessions.',
        '2023-03-25 17:07:07', '2023-03-25 17:07:09', 203, 13),
       (36,
        'One of the first things you can do to optimize your PC for video editing is to upgrade your hardware. This includes getting a powerful processor, lots of RAM, and a dedicated graphics card. Additionally, you can try optimizing your PC\'s settings for video editing by adjusting things like your power settings, visual effects, and virtual memory. There are also a variety of software programs and plugins available that can help optimize your PC specifically for video editing.',
        '2023-03-25 17:08:49', '2023-03-25 17:08:51', 89, 14),
       (37,
        'Another thing you can do to optimize your PC for video editing is to ensure that your hard drive is fast enough to handle large video files. Consider upgrading to a solid-state drive (SSD) or using a RAID setup for faster read and write speeds. You may also want to consider using a separate hard drive or SSD for your video editing projects to keep them separate from your operating system and other applications.',
        '2023-03-25 17:08:23', '2023-03-25 17:08:25', 174, 14),
       (38,
        'Don\'t forget to regularly maintain your PC by performing tasks such as cleaning out temporary files, defragmenting your hard drive, and updating your drivers and software. This can help ensure that your PC is running at its best and can handle the demands of video editing. Additionally, consider using a video editing software that is optimized for your PC\'s hardware and operating system for the best performance.',
        '2023-03-25 17:08:23', '2023-03-25 17:08:25', 164, 14),
       (39,
        'Installing a new power supply in your PC is not a difficult task, but it does require some caution. First, you will need to purchase a power supply that is compatible with your PC. Make sure to check the wattage requirements of your system before purchasing a new power supply. To install the new power supply, you will need to open the PC case and locate the old power supply. Disconnect all cables from the old power supply and carefully remove it from the case. Install the new power supply in the same location and connect all cables to the new power supply. Finally, turn on your PC to make sure the new power supply is working properly.',
        '2023-03-25 17:09:32', '2023-03-25 17:09:35', 183, 30),
       (40,
        'When it comes to choosing a new power supply, there are many options available. It\'s important to choose a power supply that has enough wattage to support your system\'s components. Some popular brands for power supplies include Corsair, EVGA, and Seasonic. It\'s also a good idea to choose a power supply that has a good warranty in case anything goes wrong. Don\'t forget to check the size of the power supply and make sure it will fit in your PC case.',
        '2023-03-25 17:09:33', '2023-03-25 17:09:35', 165, 30),
       (41,
        'In addition to installing a new power supply, there are some other steps you can take to ensure your PC is running efficiently. One important step is to clean your PC\'s components and fans regularly to prevent dust buildup. Another step is to optimize your PC\'s power settings, which can help prolong your battery life and improve performance. Finally, consider upgrading your PC\'s components such as its CPU or graphics card if you\'re looking to improve overall performance.',
        '2023-03-25 17:09:34', '2023-03-25 17:09:36', 123, 30),
       (42,
        'When it comes to gaming desks, comfort is key! Some popular options for gaming desks include the Atlantic Gaming Desk, the Arozzi Arena Gaming Desk, and the Eureka Ergonomic Z1-S Gaming Desk. These desks are all designed with the gamer in mind, with features such as built-in cup holders, headphone stands, and cable management systems. Consider what features are important to you and your gaming setup before making a decision.',
        '2023-03-25 17:10:41', '2023-03-25 17:10:44', 171, 39),
       (43,
        'I recently purchased the Respawn 1010 Gaming Computer Desk and have been extremely happy with it. It has plenty of space for my dual monitor setup and gaming peripherals, and it also has a built-in power strip for easy access to outlets. Another desk to consider is the Walker Edison Furniture Company Modern Corner L-Shaped Glass Computer Writing Gaming Gamer Command Center Workstation Desk, which offers plenty of desk space and a modern look.',
        '2023-03-25 17:10:43', '2023-03-25 17:10:45', 194, 39),
       (44,
        'Don\'t forget about ergonomics when choosing a gaming desk. Look for desks with adjustable height settings and comfortable chairs that will keep your posture in check during long gaming sessions. The Autonomous SmartDesk 2 and the Flexispot Electric Height Adjustable Standing Desk are both great options for a comfortable and ergonomic setup.',
        '2023-03-25 17:10:43', '2023-03-25 17:10:45', 121, 39),
       (45,
        'You don\'t have to break the bank to find a decent gaming chair. One of the best budget options is the Homall Gaming Chair, which is comfortable and durable. It comes in a variety of colors and has adjustable armrests and a reclining feature. Another good option is the BestOffice Racing Style Gaming Chair, which has a sleek design and is also budget-friendly.',
        '2023-03-25 17:12:08', '2023-03-25 17:12:11', 161, 47),
       (46,
        'I would recommend looking into the Devoko Ergonomic Gaming Chair, which is a great budget option for a comfortable gaming setup. It has a high backrest, adjustable lumbar support, and comes with a removable headrest pillow. Another option to consider is the GTRACING Gaming Chair, which is also budget-friendly and comes with a footrest and adjustable armrests.',
        '2023-03-25 17:12:10', '2023-03-25 17:12:12', 179, 47),
       (47,
        'If you\'re looking for a budget-friendly gaming chair that is also eco-friendly, check out the RESPAWN 110 Racing Style Gaming Chair. It\'s made with recycled materials and features an adjustable headrest and footrest, as well as a reclining feature. Another option to consider is the OFM Essentials Racing Style Gaming Chair, which has a durable design and is also budget-friendly.',
        '2023-03-25 17:12:10', '2023-03-25 17:12:12', 183, 47),
       (48,
        'If you\'re looking for an immersive gaming experience, you may want to consider the HyperX Cloud II. They have a great sound quality, comfortable fit, and come with a detachable microphone. Another option to consider is the SteelSeries Arctis 7. They are known for their clear and crisp sound quality and have a comfortable fit for long gaming sessions.',
        '2023-03-25 17:13:22', '2023-03-25 17:13:25', 191, 53),
       (49,
        'I highly recommend the Razer Kraken X. It has immersive 7.1 surround sound that can help you locate enemies in-game. They are lightweight and comfortable, making them perfect for long gaming sessions. If you\'re looking for a wired option, the Logitech G Pro X is also a great choice. They have excellent sound quality and a comfortable fit.',
        '2023-03-25 17:13:24', '2023-03-25 17:13:26', 190, 53),
       (50,
        'One of the best options for PC gaming headphones is the Audio-Technica ATH-M50X. They are known for their exceptional sound quality and comfortable over-ear design. Another great option to consider is the Sennheiser HD 660 S. They are a bit pricier but offer excellent sound quality and comfort, making them perfect for long gaming sessions.',
        '2023-03-25 17:13:24', '2023-03-25 17:13:27', 129, 53),
       (51,
        'When it comes to gaming chairs for long sessions, you\'ll want to look for features that promote good posture and provide ample support for your back and neck. Look for chairs with adjustable lumbar support, headrests, and armrests, as well as a recline function. Some great options to consider include the Secretlab Omega Series and the Herman Miller Aeron Chair. Both of these chairs are known for their comfort and durability, making them great choices for anyone who spends a lot of time gaming.',
        '2023-03-25 17:14:37', '2023-03-25 17:14:40', 98, 29),
       (52,
        'Another important feature to consider when choosing a gaming chair for long sessions is the material it\'s made from. Look for chairs with breathable materials like mesh or perforated leather, as these will help keep you cool and comfortable during extended gaming sessions. Additionally, make sure the chair is adjustable to fit your height and weight. A chair that\'s too small or too large can cause discomfort and strain on your body over time. Some other great options to consider include the DXRacer Formula Series and the Noblechairs Hero Series. Both of these chairs are designed with ergonomics in mind, ensuring a comfortable and supportive experience for long gaming sessions.',
        '2023-03-25 17:14:39', '2023-03-25 17:14:41', 109, 29),
       (53,
        'One of the best PC gaming keyboards for customization is the Corsair K95 RGB Platinum. It has 6 programmable macro keys, per-key RGB backlighting, and an aircraft-grade aluminum frame. Additionally, you can download Corsair\'s software to customize the lighting effects, macros, and key assignments. Another good option is the Logitech G Pro X Mechanical Gaming Keyboard, which features swappable switches, customizable RGB lighting, and programmable macros.',
        '2023-03-25 17:15:38', '2023-03-25 17:15:40', 122, 49),
       (54,
        'If you\'re looking for a more affordable option, the HyperX Alloy FPS Pro is a great choice. It features red LED backlighting, a compact design, and Cherry MX mechanical switches. You can also use the HyperX NGenuity software to customize the lighting effects and create macros. Another budget-friendly option is the Redragon K552 Mechanical Gaming Keyboard, which has RGB backlighting, anti-ghosting keys, and a durable metal frame. It also comes with software for customization.',
        '2023-03-25 17:15:39', '2023-03-25 17:15:41', 199, 49),
       (55,
        'I highly recommend the Logitech G Pro Wireless gaming mouse. It\'s incredibly lightweight, has a high-quality sensor, and the buttons are easy to click. It\'s also wireless, so you won\'t have to worry about tangled cords during intense gaming sessions.',
        '2023-03-25 17:18:01', '2023-03-25 17:18:06', 120, 57),
       (56,
        'Another great option is the SteelSeries Rival 600 gaming mouse. It has a high-quality optical sensor and customizable weights, making it easy to adjust to your preferred sensitivity. It also has a sleek design and RGB lighting for a stylish look.',
        '2023-03-25 17:18:02', '2023-03-25 17:18:07', 125, 57),
       (57,
        'If you\'re on a budget, the Redragon M801 gaming mouse is a great choice. It has a high-quality sensor, customizable buttons, and RGB lighting, all for a very reasonable price.',
        '2023-03-25 17:18:03', '2023-03-25 17:18:07', 178, 57),
       (58,
        ' For a more ergonomic design, consider the Razer DeathAdder Elite gaming mouse. It\'s designed to fit comfortably in your hand and has a high-quality sensor for accurate movements. It also has customizable buttons and RGB lighting.',
        '2023-03-25 17:18:04', '2023-03-25 17:18:08', 210, 57),
       (59,
        'The Corsair Scimitar Pro RGB gaming mouse is a great choice for MMO or MOBA gamers. It has a high-quality sensor, customizable buttons, and a unique keypad on the side for easy access to key bindings.',
        '2023-03-25 17:18:04', '2023-03-25 17:18:08', 111, 57),
       (60,
        'Another option for MMO or MOBA gamers is the Logitech G600 gaming mouse. It has a customizable 12-button thumb panel for easy access to key bindings, as well as RGB lighting and a high-quality sensor.',
        '2023-03-25 17:18:05', '2023-03-25 17:18:09', 191, 57),
       (61,
        'The HyperX Pulsefire FPS Pro gaming mouse is a great choice for FPS gamers. It has a high-quality sensor and customizable buttons, as well as a sleek design and RGB lighting.',
        '2023-03-25 17:18:05', '2023-03-25 17:18:10', 121, 57),
       (62,
        'When it comes to building a new PC, there are a lot of factors to consider. Firstly, you\'ll need to decide what your main use for the PC will be. Will you be using it for gaming, graphic design, or video editing? This will determine what kind of processor and graphics card you\'ll need. Additionally, you\'ll want to think about the size and type of storage you\'ll need, as well as the amount of RAM. It might seem overwhelming, but with a budget of $1500-$2000, you should be able to build a high-performing PC that meets your needs. I suggest doing some research online and looking up guides on PC building before making any decisions.',
        '2023-03-25 17:21:49', '2023-03-25 17:21:54', 88, 2),
       (63,
        'One thing to keep in mind when building a PC is to not skimp on the power supply. Investing in a high-quality power supply will not only ensure that your PC runs smoothly, but it will also protect your other components from damage. I suggest looking for a power supply that has a higher wattage than what you think you\'ll need, just to be safe. It\'s also a good idea to read reviews and check the brand\'s reputation before making a purchase.',
        '2023-03-25 17:21:50', '2023-03-25 17:21:54', 212, 2),
       (64,
        'If you\'re looking to build a gaming PC, then the graphics card is arguably the most important component. Look for a card that has a high clock speed and a good amount of VRAM. You\'ll also want to pay attention to the cooling system, as some cards can get quite hot and loud. As for brands, NVIDIA and AMD are two of the most popular options, but there are other great brands out there as well.',
        '2023-03-25 17:21:51', '2023-03-25 17:21:55', 160, 2),
       (65,
        'When it comes to RAM, more is generally better. You\'ll want to aim for at least 16GB, but if you\'re doing more intensive tasks such as video editing or 3D modeling, then 32GB or even 64GB might be necessary. Keep in mind that the speed of the RAM also matters, so look for one with a higher clock speed if possible.',
        '2023-03-25 17:21:52', '2023-03-25 17:21:55', 179, 2),
       (66,
        'If you\'re not comfortable building a PC from scratch, there are pre-built options out there as well. Some companies offer customizable PCs where you can choose the components you want, while others have pre-built options that are ready to go. While pre-built options can be more expensive, they also come with the benefit of being tested and assembled by professionals. Just make sure to read reviews and check the specifications before making a purchase.',
        '2023-03-25 17:21:52', '2023-03-25 17:21:56', 97, 2),
       (67,
        'Do you already have any peripherals such as a monitor, keyboard, and mouse that you plan to use with the new PC?',
        '2023-03-25 17:21:53', '2023-03-25 17:21:57', 169, 2);
/*!40000 ALTER TABLE `comments`
    ENABLE KEYS */;

-- Dumping data for table forumdb.phone_numbers: ~0 rows (approximately)
/*!40000 ALTER TABLE `phone_numbers`
    DISABLE KEYS */;
/*!40000 ALTER TABLE `phone_numbers`
    ENABLE KEYS */;

-- Dumping data for table forumdb.posts: ~54 rows (approximately)
/*!40000 ALTER TABLE `posts`
    DISABLE KEYS */;
INSERT INTO `posts` (`post_id`, `title`, `content`, `creation`, `last_update`, `user_id`)
VALUES (1, 'How can i upgrade my pc for under 500$?',
        'Please, help me figure out how to upgrade my pc. I have a strict budget of 500$. Thanks in advance!',
        '2023-02-24 13:41:41', '2023-02-27 06:31:14', 4),
       (2, 'Getting a new pc. Need advice for parts.',
        'Hello i want to buy myself a new pc for 1500-2000$. I need help with picking it\'s components.',
        '2023-02-14 15:42:45', '2023-02-27 07:23:25', 2),
       (4, 'Buying a new PC.',
        'I am looking for a blazing fast PC that can run all of the newest titles!! Help me choose parts, I have a budget of around 3000$.Parts can be used as well.',
        '2023-03-01 00:24:37', '2023-03-01 01:14:05', 1),
       (7, 'This is a sample title that tests the maximum possible length!!!',
        'Lorem ipsum dolor sit amet, consectetur adipiscing elit. Aliquam maximus tempor justo. Nunc finibus egestas risus, ut venenatis justo. Nunc nec porttitor nunc. Nullam libero orci, mattis non nulla nec, feugiat auctor risus. Nulla consequat ligula vitae pellentesque finibus. Vestibulum scelerisque aliquam justo, et congue magna porttitor eget. Nulla ultrices elit massa, quis luctus purus tincidunt nec. Phasellus ex ante, malesuada in ipsum id, suscipit aliquam enim. Sed at purus ornare, ullamcorper ex eget, placerat quam.Cras id blandit massa. Nunc libero dolor, posuere vitae nunc a, imperdiet semper arcu. Maecenas purus justo, viverra sit amet vehicula id, semper eget mi. Maecenas quis neque viverra, gravida dui ut, accumsan purus. Ut venenatis, nisi at congue porta, velit ante aliquet arcu, et dictum est ante nec neque. Curabitur eu lectus in lorem placerat pulvinar. Nam egestas et lorem malesuada fringilla. Mauris id erat massa. Aliquam elit lacus, lobortis vel iaculis id, eleifend vitae libero. Donec elementum lacus nec augue placerat, eget convallis nibh volutpat. Vestibulum sagittis ante malesuada malesuada posuere. Suspendisse gravida ex orci, id interdum nibh maximus ac. Vivamus mollis diam sed ante tincidunt porta.Aliquam maximus dui ex, et lacinia velit mattis ac. Vivamus suscipit eleifend massa vel eleifend. Fusce non pulvinar sem, eget tincidunt magna. Duis ullamcorper sagittis varius. Mauris sit amet dictum nisi, hendrerit laoreet lacus. Maecenas scelerisque magna tortor. Duis non nisl non turpis sollicitudin vestibulum a dapibus nulla. Quisque at sem a tellus imperdiet tincidunt. Nullam fermentum consectetur urna, in tincidunt risus scelerisque eu. Vestibulum tortor purus, placerat quis commodo et, vehicula sit amet odio. Aenean tempus sapien posuere dui posuere, a vehicula eros finibus. Pellentesque gravida vel augue sit amet tincidunt. Nulla mollis orci libero, at tempus ipsum aliquet vitae. Aliquam vitae sapien ac arcu facilisis consequat a eget ligula. Sed sollicitudin nisi ex. Morbi in orci est.Aliquam ultrices urna placerat arcu congue, accumsan aliquam tortor pellentesque. Nunc elementum tincidunt nibh eu sollicitudin. Mauris elementum consequat eros in aliquet. Sed scelerisque pretium lacus. Phasellus felis odio, porttitor eleifend ligula non, molestie hendrerit massa. Curabitur pharetra egestas lacus sit amet congue. Sed vitae nulla ex. Duis tincidunt maximus est, eget eleifend mi vulputate eu. Morbi ac dui ante. In sed accumsan nulla, sed rhoncus sem. Pellentesque habitant morbi tristique senectus et netus et malesuada fames ac turpis egestas. Nullam id gravida nisl. Pellentesque efficitur felis lectus, eget laoreet ligula hendrerit at. Vestibulum cursus accumsan tellus, nec tristique massa hendrerit id. Vestibulum consequat sit amet magna vitae ullamcorper. Integer in erat laoreet, convallis diam in, tristique erat.Quisque non egestas elit. Quisque vel arcu neque. Maecenas id elit placerat, eleifend mi ut, pulvinar ante. Class aptent taciti sociosqu ad litora torquent per conubia nostra, per inceptos himenaeos. Vivamus mattis, dui eu lobortis sodales, lacus magna convallis magna, quis pretium leo felis non mauris. Pellentesque rhoncus feugiat est eu gravida. Phasellus rutrum justo nisi, scelerisque accumsan urna feugiat vel. Quisque tincidunt, sem vitae tincidunt aliquam, nulla odio vestibulum risus, id aliquam odio justo quis velit. Lorem ipsum dolor sit amet, consectetur adipiscing elit. Quisque egestas, turpis egestas ullamcorper lacinia, sem justo varius est, sed eleifend nunc enim non nunc. Suspendisse malesuada efficitur massa nec porttitor. Sed malesuada, risus ac luctus iaculis, enim ex volutpat leo, tristique maximus velit nibh et augue.Integer arcu odio, vestibulum et dui bibendum, malesuada aliquam risus. Aliquam sed tellus id nibh aliquet accumsan. Orci varius natoque penatibus et magnis dis parturient montes, nascetur ridiculus mus. Proin eget eros semper, porta nisi et, venenatis sem. Nam quam tellus, euismod vel elementum at, maximus ultricies dui. Donec a sodales quam. Phasellus at magna id lacus blandit placerat quis sit amet nibh. Praesent mollis metus eget ante cursus ultrices.Nunc eget velit felis. In id ante mollis felis facilisis laoreet. Quisque tristique scelerisque urna sit amet pellentesque. Pellentesque rutrum pulvinar nisl eget tempus. Mauris et velit justo. Ut consequat auctor bibendum. Quisque eleifend a nisi non convallis.Ut diam est, varius ut massa eu, varius maximus eros. Nullam dapibus nulla at dapibus cursus. Ut luctus neque et orci imperdiet auctor. Nulla quis bibendum neque. Curabitur sed lorem in sem semper condimentum varius non ipsum. Integer non sapien non magna ultricies imperdiet. Maecenas vel erat tristique, iaculis quam ut, faucibus libero. Praesent faucibus et eros quis molestie. Nulla placerat magna in pharetra aliquet.Donec vitae rutrum purus, sed tempor sem. Aliquam at facilisis eros. Quisque pulvinar mollis risus, sit amet suscipit erat dictum sit amet. Curabitur pellentesque dui quis est cursus, eu ullamcorper nunc aliquet. Aliquam sit amet urna nulla. Sed sed sem sapien. Duis eleifend ante est, eget vulputate sem varius eu. Vestibulum dignissim, diam vitae blandit ultricies, felis diam bibendum lorem, et dictum magna lacus a metus. Pellentesque ut purus vel risus interdum vulputate. Nunc nec mauris sit amet erat lacinia euismod. Morbi a arcu in mauris lacinia commodo id eu eros. Nullam vestibulum vehicula tortor at posuere. Fusce molestie finibus diam eget semper. Vivamus gravida porttitor mi, non luctus purus elementum at. Lorem ipsum dolor sit amet, consectetur adipiscing elit. Fusce gravida nulla dictum mi laoreet vestibulum.Vestibulum in placerat tortor, eget cursus nisl. In dignissim, ex quis porttitor venenatis, nisi massa venenatis felis, vitae vulputate tellus nunc vitae turpis. Curabitur quis gravida nisl. Nam faucibus pretium mauris eget laoreet. Vivamus quis ipsum quis erat volutpat convallis. Nullam non iaculis mauris, condimentum lacinia justo. Etiam diam felis, pellentesque in turpis et, eleifend ornare magna.Nulla sit amet nisi at dui pellentesque tincidunt. Vestibulum lobortis velit nec nibh condimentum gravida. Vestibulum consectetur consectetur lectus, at ultricies lacus pulvinar eu. In a justo molestie, sollicitudin est et, malesuada felis. Etiam eu dolor quam. Integer sit amet dapibus tortor. Mauris egestas velit vitae ex elementum, eu tincidunt orci malesuada. Cras blandit nulla orci, eu bibendum turpis eleifend et. Nunc nisi velit, efficitur ut leo vulputate, gravida tempor nibh. Pellentesque condimentum eu leo nec sollicitudin.Etiam eget eros sed odio venenatis sodales. Cras in pharetra nisl. Integer facilisis quam tempus magna tincidunt ornare. Nunc maximus finibus velit, ac convallis orci consectetur quis. Vestibulum efficitur consequat laoreet. In scelerisque facilisis ligula, ac feugiat nisl tincidunt quis. Cras aliquet lacus et commodo vulputate. Proin egestas felis nisl, bibendum facilisis turpis efficitur maximus. Nam nec nibh ut lacus faucibus sodales ac vitae nulla. Cras sed nibh et magna ultrices finibus vulputate vel lorem. Nam ultrices nisl eu metus pretium pretium. Proin rutrum placerat eleifend. Pellentesque in dictum elit.Nullam consectetur tempor tempus. Orci varius natoque penatibus et magnis dis parturient montes, nascetur ridiculus mus. Curabitur eleifend in ex sed imperdiet. Maecenas viverra sapien a mi malesuada, vitae interdum sapien viverra. Sed facilisis mollis rhoncus. Phasellus tincidunt nibh sit amet commodo iaculis. Sed pellentesque lectus nec bibendum dignissim. Sed placerat metus sit amet commodo viverra. Etiam mattis, sapien a pharetra tincidunt, lectus est sodales magna, eget feugiat elit diam in sem. Aliquam vitae magna lorem. Ut fringilla, tellus non feugiat laoreet, nunc magna sodales tellus, id egestas leo libero nec velit. Nullam quis tortor vehicula nibh porttitor consequat. Vivamus luctus molestie massa. Proin vel porttitor massa. Donec mattis erat eu turpis ultricies, ut posuere velit aliquet. Suspendisse in libero malesuada libero maximus malesuada vehicula ut metus. Praesent leo eros, vehicula at.',
        '2023-03-21 09:54:27', '2023-03-21 09:54:27', 1),
       (8, 'How can i fix my slow internet connection on my pc?',
        'I\'ve been experiencing slow internet speeds on my PC and it\'s affecting my productivity. I\'ve tried restarting my router and modem, but that didn\'t help. I also cleared my browser cache, but the issue still persists. I\'m not sure what else to do. Can someone please help me fix my slow internet connection on my PC?',
        '2023-03-25 16:34:38', '2023-03-25 18:01:24', 94),
       (9, 'What are the best pc components for building a gaming pc?',
        'I\'m planning on building a gaming PC, but I\'m not sure which components to choose. I want to ensure that I have the best possible components for my budget. Can someone please recommend the best PC components for building a gaming PC?',
        '2023-03-25 16:34:42', '2023-03-25 18:01:24', 183),
       (10, 'How do i upgrade my pc\'s ram for better performance?',
        'My PC is running slower than usual, and I think upgrading my RAM might help. I\'ve never upgraded RAM before, so I\'m not sure how to go about it. Can someone please guide me through the process of upgrading my PC\'s RAM for better performance?',
        '2023-03-25 16:34:43', '2023-03-25 18:01:24', 197),
       (11, 'What are the best pc maintenance software options available?',
        'I want to ensure that my PC is running smoothly and efficiently, but I\'m not sure which maintenance software to use. Can someone please recommend the best PC maintenance software options available?',
        '2023-03-25 16:34:44', '2023-03-25 18:01:24', 94),
       (12, 'How do i improve my pc\'s battery life?',
        'I rely heavily on my laptop for work, but its battery life is not very good. I need to improve my PC\'s battery life so that I can work for longer periods without needing to charge. Can someone please help me improve my PC\'s battery life?',
        '2023-03-25 16:34:44', '2023-03-25 18:01:24', 165),
       (13, 'What are the best pc keyboards for typing?',
        'I\'m in the market for a new keyboard for my PC, but I\'m not sure which one to choose. I do a lot of typing, so I want a keyboard that is comfortable and responsive. Can someone please recommend the best PC keyboards for typing?',
        '2023-03-25 16:34:45', '2023-03-25 18:01:24', 135),
       (14, 'How do i optimize my pc for video editing?',
        'I want to optimize my PC for video editing, but I\'m not sure where to start. I want to ensure that my PC is running smoothly and efficiently when editing videos. Can someone please guide me through the process of optimizing my PC for video editing?',
        '2023-03-25 16:34:46', '2023-03-25 18:01:24', 112),
       (15, 'What are the best pc cooling solutions for high-performance ',
        'I\'m building a high-performance PC, and I\'m concerned about overheating. I want to ensure that my PC is properly cooled to prevent any damage. Can someone please recommend the best PC cooling solutions for high-performance systems?',
        '2023-03-25 16:34:47', '2023-03-25 18:01:25', 103),
       (16, 'How do i fix my pc\'s display issues?',
        'I want to upgrade my PC\'s speakers so that I can enjoy music at a higher quality. Can someone please recommend the best PC speakers for listening to music?',
        '2023-03-25 16:34:48', '2023-03-25 18:01:25', 105),
       (17, 'What are the best pc speakers for listening to music?',
        'I want to upgrade my PC\'s graphics card, but I\'m not sure how to go about it. Can someone please guide me through the process of installing a new graphics card in my PC?',
        '2023-03-25 16:34:49', '2023-03-25 18:01:25', 124),
       (18, 'How do i install a new graphics card in my pc?',
        'My PC is running slower than usual, and I think upgrading my CPU might help. I\'ve never upgraded a CPU before, so I\'m not sure how to go about it. Can someone please guide me through the process of upgrading my PC\'s CPU for better performance?',
        '2023-03-25 16:34:50', '2023-03-25 18:01:25', 158),
       (19, 'What are the best pc cases for building a custom system?',
        'I want to build a custom PC, but I don\'t know which case to choose. I want something that is both functional and aesthetically pleasing. Can someone recommend some of the best PC cases for building a custom system?',
        '2023-03-25 16:34:51', '2023-03-25 18:01:25', 166),
       (20, 'How do i upgrade my pc\'s cpu for better performance?',
        'My PC\'s performance is not what it used to be, and I think it\'s time for an upgrade. I want to upgrade my CPU to improve its performance, but I don\'t know where to start. Can someone explain how to upgrade a PC\'s CPU and recommend some of the best options available?',
        '2023-03-25 16:34:52', '2023-03-25 18:01:25', 96),
       (21, 'What are the best pc backup and recovery options available?',
        'I\'m worried about losing important files on my PC, so I want to set up a backup and recovery system. However, I\'m not sure which options are the best. Can someone recommend some of the best PC backup and recovery options available, and explain how to set them up?',
        '2023-03-25 16:34:52', '2023-03-25 18:01:25', 162),
       (22, 'How do i improve my pc\'s gaming performance?',
        'I love gaming on my PC, but my performance is not up to par. I want to improve my PC\'s gaming performance, but I\'m not sure how. Can someone explain how to optimize a PC for gaming and recommend some of the best options available?',
        '2023-03-25 16:35:07', '2023-03-25 18:01:25', 133),
       (23, 'What are the best pc monitors for photo editing?',
        'I\'m a photographer and I need a monitor that will accurately display colors and provide excellent image quality for photo editing. Can someone recommend some of the best PC monitors for photo editing and explain what features to look for?',
        '2023-03-25 16:35:10', '2023-03-25 18:01:25', 94),
       (24, 'How do i upgrade my pc\'s wifi for better connectivity?',
        'My PC\'s WiFi connection is slow and unreliable, and I want to upgrade it for better connectivity. However, I\'m not sure how to do this. Can someone explain how to upgrade a PC\'s WiFi and recommend some of the best options available?',
        '2023-03-25 16:35:10', '2023-03-25 18:01:25', 117),
       (25, 'What are the best pc antivirus software options available?',
        'I want to protect my PC from viruses and other online threats, but I\'m not sure which antivirus software to use. Can someone recommend some of the best PC antivirus software options available and explain what features to look for?',
        '2023-03-25 16:35:13', '2023-03-25 18:01:25', 149),
       (26, 'How do i fix my pc\'s sound issues?',
        'My PC\'s sound is not working properly, and I don\'t know how to fix it. Can someone explain how to troubleshoot sound issues on a PC and recommend some of the best solutions?',
        '2023-03-25 16:35:14', '2023-03-25 18:01:25', 97),
       (27, 'What are the best pc headsets for gaming?',
        'I want to buy a new headset for gaming on my PC, but I\'m not sure which ones are the best. Can someone recommend some of the best PC headsets for gaming and explain what features to look for?',
        '2023-03-25 16:35:18', '2023-03-25 18:01:25', 219),
       (28, 'How do i optimize my pc for 3D modeling and rendering?',
        'I use my PC for 3D modeling and rendering, but it\'s not performing as well as I\'d like. I want to optimize my PC for this purpose, but I\'m not sure how. Can someone explain how to optimize a PC for 3D modeling and rendering and recommend some of the best options available?',
        '2023-03-25 16:35:20', '2023-03-25 18:01:25', 177),
       (29, 'What are the best pc gaming chairs for long sessions?',
        'I love gaming for long sessions, but my current chair is uncomfortable and causes back pain. Can someone recommend some of the best PC gaming chairs for long sessions and explain what features to look for?',
        '2023-03-25 16:35:23', '2023-03-25 18:01:25', 160),
       (30, 'How do i install a new power supply in my pc?',
        'My PC\'s power supply is failing, and I need to replace it. However, I\'ve never installed a power supply before and I\'m not sure how to do it. Can someone explain how to install a new power supply in a PC and recommend some of the best options available?',
        '2023-03-25 16:35:24', '2023-03-25 18:01:25', 227),
       (31, 'What are the best pc gaming mice for competitive play?',
        'I\'m looking for a new gaming mouse for my PC. What should I consider when choosing a mouse for competitive play? Can anyone recommend the best gaming mice for competitive gaming?',
        '2023-03-25 16:35:26', '2023-03-25 18:01:25', 189),
       (32, 'How do i fix my pc\'s overheating issues?',
        'My PC is constantly overheating and I\'m worried it might cause some damage. How can I fix this issue? Are there any tips or tools that can help me prevent overheating?',
        '2023-03-25 16:35:27', '2023-03-25 18:01:25', 105),
       (33, 'What are the best pc microphones for streaming and recording',
        'I\'m starting to get into streaming and recording, but I don\'t know what microphone to use. What are some of the best PC microphones for streaming and recording? Any recommendations?',
        '2023-03-25 16:35:30', '2023-03-25 18:01:25', 150),
       (34, 'How do i upgrade my pc\'s storage for more space?',
        'My PC is running out of storage space and it\'s affecting my work. How can I upgrade my PC\'s storage for more space? Can anyone recommend some good options for storage expansion?',
        '2023-03-25 16:35:31', '2023-03-25 18:01:25', 151),
       (35, 'What are the best pc cleaning software options available?',
        'My PC is running slow and I think it might be due to junk files and unnecessary programs. What are some of the best PC cleaning software options available to optimize my PC\'s performance?',
        '2023-03-25 16:35:33', '2023-03-25 18:01:25', 179),
       (36, 'How do i improve my pc\'s multitasking performance?',
        'My PC is struggling to handle multiple tasks at once and it\'s affecting my productivity. How can I improve my PC\'s multitasking performance? Any tips or tools that can help me with this issue?',
        '2023-03-25 16:35:38', '2023-03-25 18:01:25', 168),
       (37, 'What are the best pc gaming laptops for on-the-go play?',
        'I\'m looking for a good gaming laptop that\'s portable and powerful enough for gaming on the go. What are some of the best PC gaming laptops for on-the-go play? Any recommendations?',
        '2023-03-25 16:35:39', '2023-03-25 18:01:25', 112),
       (38, 'How do i optimize my pc for music production?',
        'I\'m trying to produce music on my PC, but I\'m not sure how to optimize it for music production. Can anyone recommend some tips or tools to optimize my PC for music production?',
        '2023-03-25 16:35:42', '2023-03-25 18:01:25', 93),
       (39, 'What are the best pc gaming desks for a comfortable setup?',
        'I want to make my PC gaming setup more comfortable, but I don\'t know where to start. What are some of the best PC gaming desks for a comfortable setup? Any recommendations?',
        '2023-03-25 16:35:43', '2023-03-25 18:01:25', 87),
       (40, 'How do i install a new motherboard in my pc?',
        'I want to upgrade my PC\'s motherboard, but I don\'t know how to do it. Can anyone explain how to install a new motherboard in my PC? Are there any tips or precautions I should take?',
        '2023-03-25 16:35:44', '2023-03-25 18:01:25', 90),
       (41, 'What are the best pc gaming controllers?',
        'I\'m looking for a gaming controller that can give me a console-like experience on my PC. What are some of the best PC gaming controllers for a console-like experience? Any recommendations?',
        '2023-03-25 16:35:45', '2023-03-25 18:01:25', 81),
       (42, 'How do i fix my pc\'s keyboard issues?',
        'My PC\'s keyboard is acting up and it\'s affecting my work. How can I fix my PC\'s keyboard issues? Are there any common issues I should be aware of?',
        '2023-03-25 16:35:45', '2023-03-25 18:01:25', 100),
       (43, 'What are the best pc backup hardware options available?',
        'I need to back up my important files on my PC, but I\'m not sure what hardware to use. What are some of the best PC backup hardware options available? Any recommendations?',
        '2023-03-25 16:35:46', '2023-03-25 18:01:25', 119),
       (44, 'How do i upgrade my pc\'s audio for better sound quality?',
        'I\'m not happy with the sound quality on my PC and I want to upgrade it. How can I upgrade my PC\'s audio for better sound quality? Are there any tips or tools I should know about?',
        '2023-03-25 16:35:47', '2023-03-25 18:01:25', 222),
       (45, 'What are the best pc gaming monitors for esports?',
        'I\'m looking for a gaming monitor that\'s optimized for esports. What are some of the best PC gaming monitors for esports? Any recommendations?',
        '2023-03-25 16:35:48', '2023-03-25 18:01:25', 189),
       (46, 'How do i optimize my pc for streaming?',
        'I want to start streaming on my PC, but I don\'t know how to optimize it for streaming. Can anyone recommend some tips or tools to optimize my PC for streaming?',
        '2023-03-25 16:35:49', '2023-03-25 18:01:25', 102),
       (47, 'What are the best pc gaming chairs for a low budget?',
        'I want to set up a budget-friendly gaming setup, but I\'m not sure where to start. What are some of the best PC gaming chairs for a budget-friendly setup? Any recommendations?',
        '2023-03-25 16:36:13', '2023-03-25 18:01:25', 117),
       (48, 'How do i install a new pc case fan?',
        'I need to install a new case fan in my PC, but I\'ve never done it before. Can anyone explain how to install a new case fan in my PC? Are there any precautions I should take?',
        '2023-03-25 16:36:13', '2023-03-25 18:01:26', 88),
       (49, 'What are the best pc gaming keyboards for customization?',
        'I want to customize my PC gaming setup, starting with my keyboard. What are some of the best PC gaming keyboards for customization? Any recommendations?',
        '2023-03-25 16:36:12', '2023-03-25 18:01:26', 144),
       (50, 'How do i fix my pc\'s mouse issues?',
        'My PC\'s mouse is not working properly and it\'s affecting my work. How can I fix my PC\'s mouse issues? Are there any common issues I should be aware of?',
        '2023-03-25 16:36:11', '2023-03-25 18:01:26', 86),
       (51, 'What are the best pc desk chairs for ergonomic support?',
        'My current desk chair is causing me back pain during long gaming sessions. Can someone recommend some of the best PC desk chairs for ergonomic support and explain their features?',
        '2023-03-25 16:36:11', '2023-03-25 18:01:26', 92),
       (52, 'How do i improve my pc\'s startup time?',
        'My PC takes forever to start up, and it\'s becoming frustrating. Can someone suggest some effective ways to improve my PC\'s startup time, including any necessary software or hardware upgrades?',
        '2023-03-25 16:36:10', '2023-03-25 18:01:26', 206),
       (53, 'What are the best pc gaming headphones for immersive play?',
        'I\'m looking for a pair of PC gaming headphones that can provide an immersive experience. Can someone recommend some of the best options available in terms of sound quality and comfort?',
        '2023-03-25 16:36:09', '2023-03-25 18:01:26', 217),
       (54, 'How do i optimize my pc for graphic design?',
        'I use my PC for graphic design work and want to optimize its performance. Can someone provide tips on how to optimize a PC for graphic design, including software recommendations and hardware upgrades?',
        '2023-03-25 16:36:08', '2023-03-25 18:01:26', 193),
       (55, 'What are the best pc gaming desks for a minimalist setup?',
        'I want to create a minimalist gaming setup for my PC but don\'t know where to start. Can someone recommend some of the best PC gaming desks for a minimalist setup and explain their features?',
        '2023-03-25 16:36:08', '2023-03-25 18:01:26', 227),
       (56, 'How do i install a new pc hard drive?',
        'My PC\'s hard drive is running out of space, and I want to install a new one. Can someone explain how to install a new PC hard drive and recommend some of the best options available?',
        '2023-03-25 16:36:07', '2023-03-25 18:01:26', 209),
       (57, 'What are the best pc gaming mice for first-person shooters?',
        'I want to improve my accuracy in first-person shooter games and believe a new PC gaming mouse may be the solution. Can someone recommend some of the best PC gaming mice for first-person shooters and explain their features?',
        '2023-03-25 16:36:06', '2023-03-25 18:01:26', 113);
/*!40000 ALTER TABLE `posts`
    ENABLE KEYS */;

-- Dumping data for table forumdb.posts_tags: ~4 rows (approximately)
/*!40000 ALTER TABLE `posts_tags`
    DISABLE KEYS */;
INSERT INTO `posts_tags` (`post_id`, `tag_id`)
VALUES (1, 2),
       (2, 1),
       (2, 4),
       (4, 1);
/*!40000 ALTER TABLE `posts_tags`
    ENABLE KEYS */;

-- Dumping data for table forumdb.roles: ~4 rows (approximately)
/*!40000 ALTER TABLE `roles`
    DISABLE KEYS */;
INSERT INTO `roles` (`role_id`, `role_name`)
VALUES (1, 'admin'),
       (3, 'blocked'),
       (4, 'deleted'),
       (2, 'general-user');
/*!40000 ALTER TABLE `roles`
    ENABLE KEYS */;

-- Dumping data for table forumdb.tags: ~12 rows (approximately)
/*!40000 ALTER TABLE `tags`
    DISABLE KEYS */;
INSERT INTO `tags` (`tag_id`, `title`, `description`)
VALUES (1, 'new-build', 'Posts related to building new PC from scratch.'),
       (2, 'upgrade', 'Posts related to upgrading an existing PC.'),
       (3, 'issue', 'Posts related to issues with PC.'),
       (4, 'new-tag', 'This is the new tag i am creating.'),
       (29, 'gaming-pc', NULL),
       (30, 'components', NULL),
       (31, 'overclocking', NULL),
       (32, 'peripherals', NULL),
       (33, 'software', NULL),
       (34, 'security', NULL),
       (35, 'cooling', NULL),
       (36, 'vr-gaming', NULL);
/*!40000 ALTER TABLE `tags`
    ENABLE KEYS */;

-- Dumping data for table forumdb.users: ~157 rows (approximately)
/*!40000 ALTER TABLE `users`
    DISABLE KEYS */;
INSERT INTO `users` (`user_id`, `first_name`, `last_name`, `username`, `password`, `email`, `creation`, `last_login`)
VALUES (1, 'Georgi', 'Mihaylov', 'GM2002', '123456789', 'gmihaylov@gmail.com', '2023-02-11 12:31:19',
        '2023-02-24 15:29:22'),
       (2, 'Boyan', 'Ivanov', 'Boyan99', '234234234', 'boyan99@abv.bg', '2022-03-24 17:35:38', '2023-02-10 12:36:30'),
       (3, 'Ivan', 'Georgiev', 'Ivan4o', 'ivang1221', 'ivan4o@gmail.com', '2018-10-22 17:39:50', '2023-02-20 20:32:39'),
       (4, 'Evlogi', 'Pastarmov', 'born2drink', 'evg9911evg', 'evlogi.pastarmov@gmail.com', '2022-04-04 20:29:04',
        '2022-11-24 15:36:48'),
       (5, 'Radostin', 'Georgiev', 'rado0o', '123456789', 'rado1000@abv.bg', '2023-02-20 07:46:17',
        '2023-02-24 11:36:53'),
       (6, 'Georgi', 'Todorov', 'GeorgiTodorov33', '222222222', 'georgi.todorov2222@abc.de', '2023-03-21 18:03:02',
        '2023-03-21 18:03:02'),
       (78, 'Asha', 'Behi', 'AshaBehi501', 'AB81689984', 'abehin80@cox.ne', '2010-11-07 15:13:01',
        '2019-09-06 11:11:28'),
       (79, 'Detric', 'Rummen', 'DetricRummen993', 'DR75995157', 'drummens95@att.ne', '2014-11-11 11:16:12',
        '2019-02-04 08:05:11'),
       (80, 'Bethane', 'Garozz', 'BethaneGarozz452', 'BG59167255', 'bgarozzo@aol.co', '2013-06-12 07:48:42',
        '2018-07-03 00:37:32'),
       (81, 'Naqua', 'Kannegiete', 'NaquaKannegiete259', 'NK30345806', 'n.kannegieter@gmail.co', '2018-07-29 07:00:03',
        '2021-04-12 14:27:30'),
       (82, 'Kevi', 'Weygand', 'KeviWeygand601', 'KW81142310', 'kevin.weygandt@cox.ne', '2013-11-01 08:03:55',
        '2015-05-12 23:26:37'),
       (83, 'Weste', 'Varad', 'WesteVarad435', 'WV46680806', 'w.varada@gmx.co', '2013-11-10 07:59:51',
        '2018-05-01 15:43:09'),
       (84, 'Farr', 'Peariso', 'FarrPeariso112', 'FP53101155', 'farrapearison@bellsouth.ne', '2010-11-20 06:50:06',
        '2020-03-26 08:48:11'),
       (85, 'Kesho', 'Erve', 'KeshoErve582', 'KE28777154', 'keshon.erves@cox.ne', '2020-03-24 18:20:20',
        '2020-12-17 06:36:42'),
       (86, 'Yoric', 'Chae', 'YoricChae940', 'YC14376276', 'y_chaet_76@gmx.ne', '2017-06-13 20:50:13',
        '2022-07-20 12:02:44'),
       (87, 'Lashaun', 'Ladie', 'LashaunLadie946', 'LL69250739', 'l.ladieu.88@icloud.co', '2013-11-20 18:05:17',
        '2022-05-30 16:30:13'),
       (88, 'Mervi', 'Safya', 'MerviSafya119', 'MS1255169', 'msafyan@verizon.ne', '2013-09-06 05:38:10',
        '2017-08-16 01:47:44'),
       (89, 'Khali', 'Wicklif', 'KhaliWicklif992', 'KW55750425', 'kwickliff@live.co', '2020-02-04 00:56:23',
        '2022-06-20 14:25:56'),
       (90, 'Gibra', 'Granda', 'GibraGranda22', 'GG63155232', 'g.grandaw.2@aol.co', '2016-07-18 19:16:40',
        '2021-09-19 10:07:58'),
       (91, 'Wany', 'Strij', 'WanyStrij646', 'WS27888443', 'wstrijd@sina.co', '2011-05-23 13:47:32',
        '2022-05-05 02:40:44'),
       (92, 'Rufu', 'Camarot', 'RufuCamarot739', 'RC23909083', 'rcamarota@mail.co', '2021-10-06 07:27:15',
        '2022-05-13 07:18:04'),
       (93, 'Anirud', 'Allote', 'AnirudAllote743', 'AA61375025', 'anirudhallotey87@bellsouth.ne', '2010-09-28 05:33:49',
        '2011-10-17 19:15:45'),
       (94, 'Orvill', 'Cohlmi', 'OrvillCohlmi459', 'OC87333250', 'orville.cohlmia.81@hotmail.co', '2018-03-29 00:20:40',
        '2019-07-09 06:49:42'),
       (95, 'Mallor', 'Soder', 'MallorSoder616', 'MS52016563', 'm.soders@gmx.co', '2018-07-28 09:11:43',
        '2020-10-16 19:04:01'),
       (96, 'Chaunt', 'Chaza', 'ChauntChaza204', 'CC96507140', 'chaunte_chazan@gmail.co', '2012-10-28 02:11:13',
        '2020-01-01 16:12:42'),
       (97, 'Ziya', 'Zanolett', 'ZiyaZanolett68', 'ZZ21552999', 'zzanoletti@cox.ne', '2017-01-20 11:22:55',
        '2019-10-10 08:24:22'),
       (98, 'Bell', 'Furto', 'BellFurto582', 'BF69568060', 'belle.furton@verizon.ne', '2023-01-27 10:08:04',
        '2023-02-14 20:46:47'),
       (99, 'Preet', 'Mccumse', 'PreetMccumse499', 'PM69751579', 'p.mccumsey@att.ne', '2011-10-30 22:18:04',
        '2019-11-16 08:10:41'),
       (100, 'Vishw', 'Ballhau', 'VishwBallhau279', 'VB51332002', 'vishwa.ballhaus@hotmail.co', '2023-03-08 21:26:54',
        '2023-03-13 04:49:38'),
       (101, 'Eken', 'Stri', 'EkenStri785', 'ES52740470', 'estrid@comcast.ne', '2018-06-26 21:07:35',
        '2022-10-06 00:50:28'),
       (102, 'River', 'Rodiloss', 'RiverRodiloss831', 'RR39678746', 'rrodilosso77@bellsouth.ne', '2013-05-07 20:53:59',
        '2023-03-02 05:38:46'),
       (103, 'Resto', 'Elawa', 'RestoElawa630', 'RE76257176', 'r.elawar@gmx.co', '2015-12-21 01:38:50',
        '2016-07-27 02:10:41'),
       (104, 'Angel', 'De Marchen', 'AngelDe Marchen885', 'AD68393840', 'ademarchena93@protonmail.co',
        '2023-01-30 12:09:28', '2023-02-19 00:54:25'),
       (105, 'Adar', 'Hilbe', 'AdarHilbe494', 'AH54303091', 'a.hilber@att.ne', '2011-06-09 21:36:19',
        '2020-06-03 19:36:05'),
       (106, 'Ilan', 'Flesse', 'IlanFlesse529', 'IF54038840', 'i.flessel@msn.co', '2019-12-09 21:23:01',
        '2022-07-13 19:36:59'),
       (107, 'Troia', 'Strous', 'TroiaStrous867', 'TS98636915', 't.strouss@bellsouth.ne', '2017-07-27 10:27:33',
        '2021-08-17 13:42:00'),
       (108, 'Shara', 'Bukol', 'SharaBukol480', 'SB43425114', 'sbukolt@yahoo.co', '2017-02-27 10:26:13',
        '2019-07-28 12:28:42'),
       (109, 'Kessia', 'Sanguine', 'KessiaSanguine638', 'KS72606101', 'kessiah_sanguinet_4@aol.co',
        '2018-09-18 05:05:49', '2019-12-29 12:42:15'),
       (110, 'Aleksanda', 'Guenn', 'AleksandaGuenn880', 'AG30395465', 'aguenna@sbcglobal.ne', '2022-11-25 00:05:06',
        '2023-01-30 19:58:01'),
       (111, 'Kizzi', 'Zake', 'KizziZake200', 'KZ45871691', 'kzakes@gmail.co', '2019-12-15 18:29:09',
        '2021-08-26 21:21:34'),
       (112, 'Mouhamado', 'Bolognin', 'MouhamadoBolognin968', 'MB5979630', 'm.bolognini.75@comcast.co',
        '2012-02-06 04:06:50', '2013-09-20 13:54:21'),
       (113, 'Jess', 'Ambrosc', 'JessAmbrosc298', 'JA63505096', 'j.ambrosch@hotmail.co', '2013-11-07 19:43:13',
        '2018-01-03 23:12:41'),
       (114, 'Shakt', 'Pincho', 'ShaktPincho21', 'SP2388650', 'spinchon@icloud.co', '2018-10-12 02:57:13',
        '2022-02-17 11:31:42'),
       (115, 'Veren', 'Di Lull', 'VerenDi Lull962', 'VD4770937', 'v_dilullo@icloud.co', '2021-06-27 19:42:32',
        '2022-06-03 13:11:19'),
       (116, 'Rich', 'Pontel', 'RichPontel191', 'RP94699880', 'richa_pontell_92@protonmail.co', '2019-05-31 11:16:54',
        '2020-07-15 18:14:12'),
       (117, 'Kennad', 'Trouwbors', 'KennadTrouwbors404', 'KT71976617', 'kennady_trouwborst@sbcglobal.ne',
        '2021-11-02 17:27:56', '2022-02-03 09:48:58'),
       (118, 'Abd-Alla', 'Yncla', 'Abd-AllaYncla348', 'AY41064012', 'abdallahynclan@verizon.ne', '2011-02-06 01:39:30',
        '2021-01-29 20:48:11'),
       (119, 'Niem', 'Pavidi', 'NiemPavidi3', 'NP85407395', 'niema_pavidis@me.co', '2011-05-03 00:49:19',
        '2022-01-13 19:34:40'),
       (120, 'Mccai', 'Chess', 'MccaiChess842', 'MC65126784', 'm_chesse@comcast.co', '2011-12-03 17:56:05',
        '2019-07-28 01:01:56'),
       (121, 'Seattl', 'Carwi', 'SeattlCarwi292', 'SC51712277', 's.carwin@protonmail.co', '2016-03-01 13:46:03',
        '2020-03-02 15:29:58'),
       (122, 'Ilan', 'Niyazo', 'IlanNiyazo166', 'IN72030745', 'iniyazov@sbcglobal.ne', '2019-06-27 10:28:43',
        '2019-07-18 21:05:48'),
       (123, 'Eligi', 'Van Deins', 'EligiVan Deins590', 'EV44636655', 'e.vandeinse@yahoo.co', '2019-09-22 13:07:10',
        '2023-02-14 16:13:38'),
       (124, 'Raysho', 'Sobb', 'RayshoSobb673', 'RS22138798', 'r.sobba@mail.co', '2019-03-16 06:26:59',
        '2020-01-14 15:04:16'),
       (125, 'Hari', 'Mecci', 'HariMecci921', 'HM36337160', 'hmeccia0@verizon.ne', '2010-02-14 13:19:34',
        '2017-05-20 17:52:01'),
       (126, 'Acadi', 'De Rui', 'AcadiDe Rui304', 'AD99201381', 'a.deruiz@icloud.co', '2021-04-16 17:11:51',
        '2022-05-30 03:22:42'),
       (127, 'Nicola', 'Hallat', 'NicolaHallat860', 'NH77768103', 'nicolas.hallatt.93@icloud.co', '2012-03-11 09:26:43',
        '2020-07-23 21:58:11'),
       (128, 'Katri', 'Ouaziz', 'KatriOuaziz71', 'KO9005435', 'k.ouazizi@yandex.co', '2019-11-04 12:09:51',
        '2020-10-15 18:27:36'),
       (129, 'Zadi', 'Arseni', 'ZadiArseni712', 'ZA90007821', 'zarsenio@comcast.ne', '2010-05-11 11:26:44',
        '2019-12-26 17:44:21'),
       (130, 'Taver', 'Canach', 'TaverCanach97', 'TC96984817', 'tavern.canache@yahoo.co', '2021-01-06 07:52:21',
        '2021-03-14 16:43:49'),
       (131, 'Salee', 'Olafsdotte', 'SaleeOlafsdotte22', 'SO94897084', 's.olafsdotter@bellsouth.ne',
        '2019-10-25 07:47:44', '2022-04-24 19:11:35'),
       (132, 'Quin', 'Pincin', 'QuinPincin312', 'QP78838164', 'q_pincini_2@outlook.co', '2014-01-11 16:56:23',
        '2019-11-14 09:52:24'),
       (133, 'Pedrit', 'Brigli', 'PedritBrigli722', 'PB82990686', 'p.briglio.99@verizon.ne', '2018-12-04 02:26:16',
        '2019-05-10 16:22:24'),
       (134, 'Saja', 'Kofor', 'SajaKofor554', 'SK36891624', 's.koford@cox.ne', '2012-08-30 19:06:37',
        '2021-04-10 18:00:00'),
       (135, 'Torbe', 'Hargarte', 'TorbeHargarte391', 'TH89577200', 't.hargarten.5@aol.co', '2015-08-31 14:47:00',
        '2016-11-18 12:09:53'),
       (136, 'Makiy', 'Laponsi', 'MakiyLaponsi680', 'ML46760304', 'm_laponsie@gmx.co', '2011-10-02 20:36:58',
        '2013-03-21 02:06:52'),
       (137, 'Sylwi', 'Aaslan', 'SylwiAaslan965', 'SA25400852', 'saasland@protonmail.co', '2019-01-07 08:00:06',
        '2019-06-29 13:58:41'),
       (138, 'Mycha', 'Da Gam', 'MychaDa Gam493', 'MD63803673', 'm_dagama_84@googlemail.co', '2014-04-17 08:37:58',
        '2020-12-28 11:18:15'),
       (139, 'Gisel', 'Bonnin', 'GiselBonnin967', 'GB87723277', 'g.bonning@cox.ne', '2011-03-28 04:03:08',
        '2012-04-17 15:12:57'),
       (140, 'Abimbol', 'Olle', 'AbimbolOlle727', 'AO16936543', 'a_ollek@att.ne', '2019-08-04 00:34:12',
        '2020-08-19 20:18:02'),
       (141, 'Jenning', 'Haen', 'JenningHaen751', 'JH59491925', 'jhaenn@icloud.co', '2010-10-21 04:43:01',
        '2011-10-21 13:59:59'),
       (142, 'Kimber', 'Scuder', 'KimberScuder69', 'KS28548706', 'kscudero@aol.co', '2022-09-17 15:43:59',
        '2022-09-19 01:17:00'),
       (143, 'Braele', 'Muxlo', 'BraeleMuxlo553', 'BM89635714', 'b.muxlow@att.ne', '2010-08-03 21:25:27',
        '2014-07-03 20:29:41'),
       (144, 'Tion', 'Mullinni', 'TionMullinni227', 'TM3602687', 't_mullinnix_99@gmail.co', '2022-02-07 08:40:07',
        '2023-03-23 11:56:45'),
       (145, 'Geneviev', 'Fleischhaue', 'GenevievFleischhaue130', 'GF35887493', 'genevieve.fleischhauer@icloud.co',
        '2015-04-15 11:40:28', '2018-12-28 12:07:48'),
       (146, 'Danni', 'Al-maje', 'DanniAl-maje339', 'DA8420439', 'd.almajed@sina.co', '2013-03-08 00:01:20',
        '2022-06-17 11:43:04'),
       (147, 'Bles', 'Anugra', 'BlesAnugra615', 'BA43036747', 'bless.anugrah@cox.ne', '2010-06-11 10:12:24',
        '2012-04-05 19:30:59'),
       (148, 'Olimpi', 'Dorban', 'OlimpiDorban589', 'OD90236301', 'olimpia.dorband@sbcglobal.ne', '2016-03-05 14:04:43',
        '2021-09-19 07:36:54'),
       (149, 'Sharif', 'Bakh', 'SharifBakh789', 'SB24144881', 'sharifa.bakht@aol.co', '2016-03-24 14:24:37',
        '2020-07-13 19:55:33'),
       (150, 'Ulri', 'Mizeu', 'UlriMizeu788', 'UM72284859', 'u.mizeur@googlemail.co', '2019-09-20 06:51:25',
        '2020-04-17 15:52:36'),
       (151, 'Karrin', 'Wetheral', 'KarrinWetheral362', 'KW10009351', 'k.wetherald@mail.co', '2015-12-11 19:27:29',
        '2016-07-26 16:58:19'),
       (152, 'Hana', 'Poelstr', 'HanaPoelstr777', 'HP96008817', 'hanaa_poelstra@comcast.co', '2014-10-01 15:39:44',
        '2021-09-24 05:30:50'),
       (153, 'Line', 'Dawad', 'LineDawad999', 'LD33041809', 'linea_dawadi@comcast.ne', '2013-08-11 06:04:28',
        '2018-01-21 10:27:25'),
       (154, 'Srika', 'Fryklun', 'SrikaFryklun969', 'SF71913338', 'sfryklund@yandex.co', '2020-05-30 03:35:42',
        '2022-07-21 10:14:43'),
       (155, 'Zakiya', 'Eyman', 'ZakiyaEyman776', 'ZE15729311', 'z_eymann@comcast.ne', '2021-07-12 22:49:14',
        '2022-08-05 14:29:19'),
       (156, 'Dawoo', 'Horlbec', 'DawooHorlbec26', 'DH43659788', 'dawood.horlbeck@aol.co', '2016-04-27 20:04:10',
        '2019-03-17 19:42:28'),
       (157, 'Narciss', 'Shorne', 'NarcissShorne466', 'NS40976575', 'n.shorney@verizon.ne', '2017-11-07 04:55:22',
        '2022-10-16 23:06:16'),
       (158, 'Kjersti', 'Paus', 'KjerstiPaus667', 'KP66183154', 'kjerstin_pause@msn.co', '2019-09-13 16:17:23',
        '2021-01-27 06:45:32'),
       (159, 'Perc', 'Macciocch', 'PercMacciocch555', 'PM91881162', 'percymacciocchi@att.ne', '2011-01-31 15:47:01',
        '2011-11-17 04:56:52'),
       (160, 'Britten', 'Holster', 'BrittenHolster869', 'BH47933861', 'b_holsters@gmx.ne', '2019-07-15 14:24:58',
        '2022-01-01 21:15:59'),
       (161, 'Mirrand', 'Paskowsk', 'MirrandPaskowsk175', 'MP61872378', 'mpaskowski@gmx.co', '2010-06-11 16:01:52',
        '2012-12-08 17:04:37'),
       (162, 'Carlott', 'Angellott', 'CarlottAngellott249', 'CA9786090', 'c_angellotti@aol.co', '2011-03-04 17:16:31',
        '2015-05-25 11:08:21'),
       (163, 'Mish', 'Sarcinell', 'MishSarcinell198', 'MS52648571', 'msarcinella87@mail.co', '2014-02-27 07:36:27',
        '2018-03-27 19:18:37'),
       (164, 'Karme', 'Aurio', 'KarmeAurio288', 'KA68721138', 'karmen.aurion@gmx.ne', '2020-12-14 00:49:32',
        '2022-10-14 20:41:10'),
       (165, 'Dani', 'Mannin', 'DaniMannin583', 'DM96976433', 'd.mannini@mail.co', '2014-08-12 02:07:56',
        '2019-01-10 09:36:15'),
       (166, 'Jaze', 'Bisnet', 'JazeBisnet112', 'JB63085710', 'jazelbisnett@sbcglobal.ne', '2016-08-21 21:23:24',
        '2022-06-10 10:05:07'),
       (167, 'Soha', 'Gravitt', 'SohaGravitt699', 'SG66169822', 's.gravitte@att.ne', '2023-01-14 20:28:35',
        '2023-01-29 16:25:27'),
       (168, 'Bastie', 'Barna', 'BastieBarna997', 'BB98041522', 'bastien.barnak@mail.co', '2022-01-21 13:58:36',
        '2022-03-28 11:07:46'),
       (169, 'Terri', 'Jullie', 'TerriJullie746', 'TJ47944476', 't_julliet@live.co', '2011-02-02 07:01:41',
        '2014-03-17 22:50:04'),
       (170, 'Eish', 'Mark', 'EishMark381', 'EM4763926', 'eishamarky98@googlemail.co', '2012-11-09 12:16:01',
        '2014-10-13 04:00:38'),
       (171, 'Barak', 'Mikat', 'BarakMikat582', 'BM9349004', 'b.mikati@att.ne', '2014-01-14 07:47:27',
        '2016-03-22 18:57:34'),
       (172, 'Dickso', 'Bonadi', 'DicksoBonadi164', 'DB75013689', 'dicksonbonadio97@verizon.ne', '2021-01-24 20:31:38',
        '2022-02-01 16:52:01'),
       (173, 'Vida', 'Rite', 'VidaRite251', 'VR91601294', 'vidal.rites.81@protonmail.co', '2013-10-26 18:06:18',
        '2018-03-11 04:44:22'),
       (174, 'Adeyem', 'Schimizz', 'AdeyemSchimizz283', 'AS53897525', 'aschimizzi@yahoo.co', '2010-07-21 09:13:31',
        '2019-05-09 05:00:10'),
       (175, 'Ulisse', 'Gilke', 'UlisseGilke237', 'UG18913544', 'ulisses_gilker@sbcglobal.ne', '2015-05-30 05:48:27',
        '2017-01-12 22:53:56'),
       (176, 'Mahe', 'Rechenber', 'MaheRechenber91', 'MR47949292', 'm.rechenberg.87@me.co', '2021-10-11 02:33:40',
        '2022-05-20 01:54:19'),
       (177, 'Eken', 'Dimon', 'EkenDimon18', 'ED41767905', 'e.dimone@gmail.co', '2017-02-08 01:09:58',
        '2020-09-29 15:13:55'),
       (178, 'Kyeshi', 'Cala', 'KyeshiCala837', 'KC33105230', 'kyeshia.calac@mac.co', '2010-04-01 23:59:16',
        '2018-03-24 22:11:19'),
       (179, 'Pete', 'Braba', 'PeteBraba790', 'PB76608694', 'peter_braban_76@protonmail.co', '2021-04-20 16:52:44',
        '2022-06-17 08:21:47'),
       (180, 'Rollin', 'Bennis', 'RollinBennis651', 'RB27713045', 'rbennish@icloud.co', '2010-06-21 19:00:21',
        '2015-08-23 16:02:24'),
       (181, 'Misch', 'Consentin', 'MischConsentin350', 'MC48546025', 'mconsentino88@gmail.co', '2020-02-14 06:40:10',
        '2021-12-01 01:48:51'),
       (182, 'Meyer', 'Jalett', 'MeyerJalett786', 'MJ29405947', 'm_jalette@comcast.ne', '2021-11-14 04:30:08',
        '2023-01-31 16:21:37'),
       (183, 'Richlan', 'Peladea', 'RichlanPeladea975', 'RP91419616', 'r.peladeau@me.co', '2019-05-03 09:11:16',
        '2020-08-14 16:12:53'),
       (184, 'Shaniy', 'Reric', 'ShaniyReric503', 'SR1489301', 's.rerick.83@bellsouth.ne', '2012-03-21 16:33:57',
        '2019-12-22 15:03:24'),
       (185, 'Haki', 'Cucut', 'HakiCucut815', 'HC10450422', 'h_cucuta_79@att.ne', '2021-11-20 08:58:50',
        '2022-12-02 12:00:19'),
       (186, 'Caeli', 'Vallin', 'CaeliVallin925', 'CV34428824', 'c_vallina@live.co', '2013-04-23 23:57:59',
        '2015-10-02 14:00:56'),
       (187, 'Driscol', 'Tuck', 'DriscolTuck736', 'DT66711676', 'driscolltucka@mac.co', '2017-12-11 06:36:25',
        '2019-05-18 02:57:45'),
       (188, 'Efrai', 'Morter', 'EfraiMorter381', 'EM1095745', 'e_mortera@yahoo.co', '2021-08-26 15:02:00',
        '2022-12-02 13:03:50'),
       (189, 'Legio', 'Agbek', 'LegioAgbek799', 'LA99779798', 'legion.agbeko.73@yandex.co', '2011-04-27 08:40:51',
        '2011-08-21 18:24:30'),
       (190, 'Cavi', 'Pawelcza', 'CaviPawelcza236', 'CP70615739', 'cpawelczak@live.co', '2021-04-23 03:38:31',
        '2022-01-02 22:43:45'),
       (191, 'Dameio', 'Tawd', 'DameioTawd516', 'DT65179566', 'd.tawde@verizon.ne', '2015-10-13 03:41:09',
        '2015-11-01 03:01:03'),
       (192, 'Luci', 'Goldthorp', 'LuciGoldthorp993', 'LG44984825', 'lgoldthorpe97@mail.co', '2020-03-15 17:56:12',
        '2022-11-15 07:19:00'),
       (193, 'Kaize', 'Leeze', 'KaizeLeeze851', 'KL26616822', 'kleezer3@comcast.ne', '2023-03-07 11:30:42',
        '2023-03-09 11:25:59'),
       (194, 'Amayran', 'Berto', 'AmayranBerto484', 'AB35056845', 'abertot84@bellsouth.ne', '2022-05-30 13:52:52',
        '2022-06-10 09:49:50'),
       (195, 'Tanvee', 'Gyima', 'TanveeGyima480', 'TG9495909', 't.gyimah@cox.ne', '2019-01-29 01:55:16',
        '2021-09-23 06:29:02'),
       (196, 'Mariya', 'Sali', 'MariyaSali298', 'MS98073568', 'm_salin@cox.ne', '2021-09-12 21:52:45',
        '2022-01-31 08:35:03'),
       (197, 'Luciu', 'Enghause', 'LuciuEnghause145', 'LE91847947', 'lenghauser94@googlemail.co', '2021-12-28 18:39:45',
        '2023-02-05 20:15:12'),
       (198, 'Cleti', 'Skoko', 'CletiSkoko202', 'CS17599799', 'cskokos@comcast.ne', '2011-06-23 21:42:05',
        '2014-07-29 14:49:34'),
       (199, 'Shein', 'Schoult', 'SheinSchoult124', 'SS81549937', 'sschoultz@outlook.co', '2014-08-23 22:41:30',
        '2019-08-24 00:43:57'),
       (200, 'Rahim', 'Turune', 'RahimTurune225', 'RT18542380', 'rahima.turunen.74@outlook.co', '2015-01-13 14:20:44',
        '2017-08-30 03:31:18'),
       (201, 'Janiqu', 'Holdredg', 'JaniquHoldredg666', 'JH4593616', 'jholdredge72@msn.co', '2020-01-17 13:06:19',
        '2023-03-02 16:53:21'),
       (202, 'Benj', 'Scudier', 'BenjScudier202', 'BS74873284', 'bscudieri81@yahoo.co', '2016-08-25 13:25:46',
        '2019-01-30 13:38:48'),
       (203, 'Evan', 'Mollicon', 'EvanMollicon4', 'EM8166881', 'evanamollicone94@cox.ne', '2023-01-18 23:13:10',
        '2023-03-11 17:45:09'),
       (204, 'Carmeli', 'Windhol', 'CarmeliWindhol88', 'CW85743462', 'carmeliawindholz@att.ne', '2010-09-10 14:38:12',
        '2016-04-28 07:31:08'),
       (205, 'Latric', 'Coldsmit', 'LatricColdsmit972', 'LC64439492', 'latricecoldsmith3@mac.co', '2021-03-16 09:00:22',
        '2022-03-22 16:15:03'),
       (206, 'Lorrain', 'Sobalvarr', 'LorrainSobalvarr35', 'LS66865487', 'lsobalvarro4@live.co', '2010-02-06 09:38:08',
        '2015-02-02 11:18:42'),
       (207, 'Shaa', 'Miere', 'ShaaMiere547', 'SM46198709', 's_mieres_77@mac.co', '2016-06-25 21:10:51',
        '2020-01-04 19:50:45'),
       (208, 'Michalin', 'Schwefe', 'MichalinSchwefe262', 'MS28359476', 'mschwefel85@gmail.co', '2013-04-05 21:14:01',
        '2016-01-08 13:06:07'),
       (209, 'Teut', 'Lulof', 'TeutLulof622', 'TL33859357', 't.luloff@msn.co', '2018-07-06 06:11:29',
        '2019-05-19 14:57:39'),
       (210, 'Kolli', 'Bicar', 'KolliBicar714', 'KB93964438', 'k.bicard@me.co', '2015-05-24 12:01:59',
        '2016-03-18 05:38:43'),
       (211, 'Vidi', 'Reinald', 'VidiReinald835', 'VR49888117', 'vreinaldo@sbcglobal.ne', '2013-07-13 21:14:11',
        '2022-03-24 00:40:58'),
       (212, 'Tierr', 'Tinse', 'TierrTinse368', 'TT85257111', 'tierra.tinsel.76@icloud.co', '2010-03-24 03:21:30',
        '2018-02-23 13:28:08'),
       (213, 'Cortlan', 'Wolosk', 'CortlanWolosk269', 'CW95318812', 'c.woloski@comcast.co', '2015-04-01 15:26:24',
        '2018-07-02 15:52:28'),
       (214, 'Hanni', 'Schanz', 'HanniSchanz496', 'HS45772241', 'hannia.schanze@outlook.co', '2020-04-17 15:35:37',
        '2020-12-08 02:27:21'),
       (215, 'Rachell', 'Oehrlei', 'RachellOehrlei18', 'RO74690688', 'r.oehrlein@live.co', '2019-07-30 22:03:36',
        '2021-04-03 17:31:38'),
       (216, 'Keire', 'Dagi', 'KeireDagi289', 'KD45556226', 'keiren.dagit.75@msn.co', '2010-12-08 21:33:30',
        '2012-03-26 02:05:01'),
       (217, 'Isaia', 'Cautel', 'IsaiaCautel210', 'IC80002057', 'i_cautela@att.ne', '2015-03-16 10:30:47',
        '2022-12-28 17:41:20'),
       (218, 'Delain', 'Regal', 'DelainRegal132', 'DR28604494', 'd.regale.82@comcast.ne', '2021-10-23 00:12:45',
        '2022-01-20 04:45:57'),
       (219, 'Melod', 'Bjarnso', 'MelodBjarnso238', 'MB63179698', 'm.bjarnson.80@yandex.co', '2019-03-09 12:43:37',
        '2020-02-28 12:09:00'),
       (220, 'Demarcu', 'Chandramoha', 'DemarcuChandramoha868', 'DC56337390', 'dchandramohan@verizon.ne',
        '2022-04-24 11:58:33', '2022-08-30 15:40:22'),
       (221, 'Shahee', 'Mule', 'ShaheeMule579', 'SM79403709', 's.muley@gmx.co', '2019-09-01 21:21:31',
        '2021-04-18 07:37:43'),
       (222, 'Astr', 'Plesne', 'AstrPlesne596', 'AP13189312', 'a.plesner@aol.co', '2019-04-11 09:35:49',
        '2021-12-03 22:19:24'),
       (223, 'Amin', 'Girou', 'AminGirou927', 'AG56450987', 'a.giroud@msn.co', '2012-12-19 12:54:08',
        '2018-06-30 15:20:51'),
       (224, 'Eshwa', 'Sarcin', 'EshwaSarcin857', 'ES2341559', 'esarcina@cox.ne', '2022-05-09 08:11:16',
        '2023-01-19 01:37:00'),
       (225, 'Josep', 'Bouvar', 'JosepBouvar669', 'JB65792787', 'j.bouvard@bellsouth.ne', '2010-12-27 08:26:38',
        '2013-01-07 06:46:51'),
       (226, 'Ricc', 'Bruinekoo', 'RiccBruinekoo578', 'RB5820645', 'r.bruinekool@yahoo.co', '2014-09-30 07:53:22',
        '2019-06-19 12:29:15'),
       (227, 'Gibso', 'Whelle', 'GibsoWhelle686', 'GW31435772', 'gibson.wheller@icloud.co', '2018-08-09 07:56:00',
        '2022-12-29 05:23:59'),
       (228, 'Kellsi', 'Mcnai', 'KellsiMcnai866', 'KM82500307', 'kmcnail94@comcast.ne', '2019-11-03 19:46:09',
        '2022-05-16 12:10:55');
/*!40000 ALTER TABLE `users`
    ENABLE KEYS */;

-- Dumping data for table forumdb.users_comments_reactions: ~252 rows (approximately)
/*!40000 ALTER TABLE `users_comments_reactions`
    DISABLE KEYS */;
INSERT INTO `users_comments_reactions` (`user_id`, `comment_id`, `is_liked`)
VALUES (78, 20, 1),
       (78, 25, 1),
       (78, 36, 1),
       (78, 59, 1),
       (80, 37, 0),
       (80, 62, 1),
       (81, 19, 1),
       (81, 61, 1),
       (82, 38, 1),
       (82, 52, 1),
       (83, 45, 1),
       (83, 47, 1),
       (83, 64, 1),
       (84, 47, 1),
       (85, 51, 1),
       (86, 29, 1),
       (87, 19, 1),
       (88, 45, 1),
       (89, 32, 1),
       (91, 20, 1),
       (91, 61, 1),
       (93, 23, 0),
       (93, 43, 1),
       (93, 51, 1),
       (93, 53, 1),
       (94, 53, 1),
       (94, 66, 1),
       (95, 22, 1),
       (95, 50, 1),
       (97, 27, 0),
       (98, 50, 1),
       (98, 56, 0),
       (98, 60, 1),
       (99, 26, 1),
       (99, 47, 1),
       (100, 36, 1),
       (100, 37, 1),
       (101, 40, 1),
       (101, 61, 1),
       (102, 44, 1),
       (103, 22, 1),
       (107, 27, 1),
       (107, 28, 1),
       (107, 44, 1),
       (108, 36, 1),
       (108, 53, 1),
       (110, 49, 1),
       (110, 53, 1),
       (110, 56, 1),
       (111, 18, 1),
       (111, 23, 0),
       (111, 51, 1),
       (112, 34, 0),
       (112, 35, 1),
       (113, 18, 1),
       (113, 41, 1),
       (114, 50, 1),
       (114, 64, 1),
       (114, 66, 1),
       (115, 49, 1),
       (116, 21, 1),
       (116, 42, 1),
       (116, 52, 1),
       (117, 24, 1),
       (117, 28, 1),
       (117, 47, 1),
       (117, 54, 0),
       (117, 64, 0),
       (118, 36, 1),
       (119, 37, 1),
       (119, 58, 0),
       (120, 43, 1),
       (121, 30, 1),
       (121, 52, 1),
       (125, 34, 1),
       (126, 25, 0),
       (126, 35, 1),
       (126, 40, 1),
       (126, 49, 1),
       (127, 53, 0),
       (128, 50, 1),
       (128, 59, 1),
       (129, 23, 1),
       (130, 59, 1),
       (130, 61, 0),
       (131, 20, 0),
       (131, 35, 0),
       (131, 42, 1),
       (131, 49, 1),
       (131, 63, 1),
       (132, 37, 1),
       (132, 66, 1),
       (134, 42, 0),
       (134, 48, 1),
       (136, 26, 1),
       (137, 19, 1),
       (141, 24, 1),
       (141, 50, 0),
       (142, 25, 0),
       (142, 65, 1),
       (142, 66, 1),
       (143, 65, 0),
       (145, 24, 1),
       (146, 29, 0),
       (147, 29, 0),
       (147, 52, 1),
       (147, 53, 1),
       (147, 54, 1),
       (147, 60, 1),
       (148, 43, 0),
       (149, 51, 1),
       (149, 57, 1),
       (150, 22, 0),
       (150, 53, 1),
       (150, 64, 0),
       (151, 26, 1),
       (151, 37, 1),
       (151, 49, 1),
       (151, 55, 1),
       (152, 26, 0),
       (152, 32, 1),
       (152, 38, 1),
       (152, 57, 1),
       (153, 28, 1),
       (153, 35, 1),
       (154, 23, 0),
       (155, 38, 0),
       (155, 62, 1),
       (156, 33, 1),
       (156, 54, 0),
       (157, 55, 1),
       (158, 54, 0),
       (158, 66, 1),
       (159, 50, 0),
       (160, 60, 1),
       (161, 40, 0),
       (162, 38, 1),
       (162, 51, 1),
       (162, 59, 1),
       (163, 61, 1),
       (164, 33, 1),
       (164, 50, 1),
       (166, 40, 0),
       (166, 42, 1),
       (166, 60, 1),
       (166, 63, 0),
       (167, 54, 1),
       (168, 22, 1),
       (168, 54, 1),
       (168, 63, 1),
       (171, 19, 1),
       (171, 33, 0),
       (172, 25, 1),
       (172, 40, 0),
       (173, 41, 1),
       (173, 56, 1),
       (174, 36, 1),
       (174, 64, 1),
       (176, 26, 1),
       (176, 46, 1),
       (178, 28, 1),
       (178, 42, 1),
       (178, 46, 1),
       (178, 65, 1),
       (180, 40, 1),
       (180, 66, 1),
       (182, 46, 1),
       (183, 24, 0),
       (184, 36, 1),
       (184, 51, 1),
       (185, 23, 1),
       (185, 30, 0),
       (185, 41, 1),
       (186, 51, 1),
       (188, 31, 1),
       (189, 27, 1),
       (189, 35, 1),
       (189, 59, 0),
       (190, 58, 1),
       (191, 32, 1),
       (192, 66, 1),
       (193, 24, 1),
       (193, 49, 1),
       (194, 34, 1),
       (195, 42, 1),
       (196, 23, 1),
       (196, 39, 1),
       (196, 45, 1),
       (197, 28, 1),
       (197, 43, 1),
       (197, 45, 1),
       (197, 49, 1),
       (197, 57, 1),
       (198, 57, 1),
       (198, 58, 1),
       (201, 21, 1),
       (201, 31, 1),
       (201, 32, 1),
       (201, 61, 0),
       (202, 24, 1),
       (202, 34, 1),
       (202, 53, 1),
       (204, 43, 1),
       (204, 55, 1),
       (204, 60, 0),
       (205, 62, 0),
       (206, 32, 1),
       (206, 65, 1),
       (207, 24, 1),
       (208, 32, 1),
       (208, 40, 1),
       (208, 42, 1),
       (208, 60, 0),
       (208, 63, 1),
       (209, 23, 0),
       (209, 43, 1),
       (210, 29, 1),
       (210, 52, 0),
       (211, 21, 1),
       (212, 30, 1),
       (212, 45, 1),
       (213, 31, 0),
       (213, 38, 1),
       (214, 24, 1),
       (214, 40, 0),
       (214, 56, 1),
       (216, 50, 1),
       (217, 47, 0),
       (218, 19, 1),
       (218, 24, 1),
       (218, 46, 1),
       (220, 49, 1),
       (221, 27, 1),
       (221, 43, 1),
       (223, 32, 1),
       (224, 65, 0),
       (225, 18, 0),
       (225, 34, 1),
       (225, 38, 0),
       (225, 41, 1),
       (225, 45, 0),
       (226, 13, 1),
       (226, 18, 1),
       (226, 41, 1),
       (226, 42, 1),
       (226, 52, 1),
       (226, 65, 1),
       (226, 66, 1),
       (227, 19, 1),
       (227, 51, 1),
       (227, 56, 1),
       (227, 64, 1);
/*!40000 ALTER TABLE `users_comments_reactions`
    ENABLE KEYS */;

-- Dumping data for table forumdb.users_posts_reactions: ~296 rows (approximately)
/*!40000 ALTER TABLE `users_posts_reactions`
    DISABLE KEYS */;
INSERT INTO `users_posts_reactions` (`user_id`, `post_id`, `is_liked`)
VALUES (1, 2, 0),
       (1, 4, 0),
       (2, 2, 1),
       (2, 4, 1),
       (3, 1, 1),
       (3, 4, 1),
       (4, 1, 0),
       (5, 1, 1),
       (78, 13, 1),
       (78, 24, 1),
       (78, 25, 1),
       (79, 11, 1),
       (79, 34, 1),
       (79, 44, 1),
       (81, 44, 1),
       (82, 28, 1),
       (82, 53, 1),
       (83, 10, 1),
       (83, 39, 0),
       (85, 30, 1),
       (85, 52, 1),
       (86, 13, 0),
       (86, 34, 1),
       (86, 39, 1),
       (87, 35, 1),
       (87, 38, 0),
       (87, 55, 0),
       (90, 14, 1),
       (90, 22, 0),
       (90, 41, 1),
       (91, 18, 0),
       (91, 36, 1),
       (93, 42, 0),
       (93, 43, 1),
       (94, 26, 1),
       (95, 9, 1),
       (95, 42, 0),
       (96, 12, 1),
       (96, 20, 1),
       (96, 46, 1),
       (97, 10, 0),
       (97, 19, 0),
       (97, 29, 1),
       (97, 56, 1),
       (98, 18, 0),
       (98, 41, 1),
       (99, 9, 1),
       (99, 14, 1),
       (101, 40, 1),
       (102, 29, 1),
       (102, 55, 1),
       (103, 27, 0),
       (103, 39, 1),
       (103, 46, 0),
       (104, 19, 1),
       (105, 30, 1),
       (105, 37, 0),
       (107, 25, 1),
       (107, 39, 0),
       (107, 53, 1),
       (108, 40, 0),
       (108, 45, 1),
       (109, 39, 1),
       (109, 48, 0),
       (110, 53, 1),
       (111, 44, 1),
       (112, 19, 0),
       (112, 48, 0),
       (113, 21, 0),
       (114, 12, 1),
       (114, 18, 0),
       (114, 30, 1),
       (114, 53, 1),
       (118, 20, 1),
       (118, 31, 1),
       (118, 50, 1),
       (119, 20, 1),
       (119, 38, 0),
       (119, 39, 0),
       (120, 36, 1),
       (120, 47, 1),
       (120, 48, 1),
       (121, 18, 0),
       (121, 35, 1),
       (123, 10, 0),
       (123, 20, 0),
       (123, 23, 0),
       (123, 30, 1),
       (123, 36, 1),
       (123, 40, 0),
       (123, 46, 1),
       (123, 52, 1),
       (124, 17, 0),
       (124, 43, 0),
       (126, 9, 1),
       (126, 15, 0),
       (126, 24, 0),
       (126, 31, 1),
       (126, 54, 1),
       (127, 28, 1),
       (127, 40, 1),
       (128, 10, 1),
       (129, 33, 0),
       (130, 39, 0),
       (131, 55, 0),
       (133, 11, 1),
       (133, 36, 1),
       (134, 8, 0),
       (134, 18, 1),
       (134, 23, 1),
       (134, 24, 1),
       (134, 56, 0),
       (135, 25, 1),
       (136, 22, 0),
       (136, 30, 1),
       (137, 27, 1),
       (137, 48, 1),
       (137, 49, 0),
       (138, 20, 1),
       (139, 43, 0),
       (140, 35, 1),
       (141, 11, 1),
       (141, 13, 1),
       (141, 44, 0),
       (142, 10, 1),
       (142, 24, 1),
       (144, 34, 1),
       (144, 37, 0),
       (146, 10, 0),
       (146, 45, 1),
       (147, 38, 1),
       (147, 47, 0),
       (148, 27, 0),
       (148, 36, 1),
       (149, 13, 0),
       (149, 16, 1),
       (149, 21, 1),
       (149, 38, 1),
       (149, 46, 1),
       (150, 13, 1),
       (150, 40, 1),
       (151, 20, 0),
       (152, 39, 0),
       (152, 45, 0),
       (152, 56, 1),
       (153, 31, 0),
       (153, 37, 0),
       (153, 53, 0),
       (153, 55, 0),
       (153, 56, 1),
       (154, 34, 0),
       (154, 46, 1),
       (155, 13, 1),
       (155, 14, 1),
       (155, 25, 1),
       (156, 31, 1),
       (156, 47, 1),
       (157, 9, 1),
       (157, 28, 1),
       (157, 36, 1),
       (157, 47, 1),
       (157, 51, 0),
       (158, 36, 0),
       (159, 53, 1),
       (160, 14, 1),
       (160, 16, 1),
       (160, 17, 1),
       (161, 14, 0),
       (163, 21, 0),
       (163, 25, 1),
       (163, 43, 0),
       (163, 49, 0),
       (163, 52, 0),
       (164, 15, 0),
       (164, 20, 0),
       (165, 8, 1),
       (165, 22, 1),
       (165, 53, 0),
       (166, 9, 1),
       (166, 29, 0),
       (166, 48, 1),
       (168, 49, 1),
       (169, 26, 1),
       (170, 22, 0),
       (172, 27, 1),
       (172, 40, 1),
       (173, 12, 1),
       (173, 14, 0),
       (173, 33, 0),
       (173, 36, 1),
       (173, 55, 1),
       (175, 12, 0),
       (175, 45, 0),
       (176, 8, 0),
       (176, 20, 1),
       (176, 22, 0),
       (176, 44, 1),
       (176, 54, 1),
       (177, 46, 1),
       (177, 54, 1),
       (178, 22, 1),
       (179, 31, 1),
       (180, 17, 0),
       (181, 8, 1),
       (181, 21, 1),
       (182, 31, 1),
       (185, 30, 1),
       (185, 36, 0),
       (185, 44, 1),
       (186, 28, 0),
       (186, 43, 1),
       (186, 49, 1),
       (186, 50, 1),
       (187, 33, 1),
       (188, 10, 0),
       (188, 40, 1),
       (189, 27, 1),
       (189, 52, 1),
       (190, 25, 1),
       (190, 47, 1),
       (191, 12, 1),
       (191, 27, 1),
       (191, 44, 1),
       (192, 43, 1),
       (192, 55, 1),
       (193, 16, 1),
       (193, 17, 1),
       (193, 20, 1),
       (193, 33, 0),
       (193, 38, 1),
       (194, 19, 0),
       (194, 41, 1),
       (194, 43, 1),
       (194, 53, 1),
       (195, 12, 1),
       (195, 17, 1),
       (195, 19, 1),
       (195, 26, 1),
       (195, 42, 0),
       (196, 34, 1),
       (197, 12, 1),
       (197, 18, 1),
       (197, 52, 1),
       (198, 36, 0),
       (198, 52, 1),
       (199, 22, 1),
       (200, 15, 0),
       (200, 51, 0),
       (201, 27, 0),
       (202, 14, 1),
       (202, 21, 1),
       (202, 51, 1),
       (203, 18, 1),
       (204, 53, 0),
       (205, 11, 0),
       (205, 14, 0),
       (205, 43, 0),
       (206, 14, 1),
       (206, 34, 1),
       (206, 39, 0),
       (206, 53, 1),
       (206, 54, 1),
       (208, 39, 1),
       (208, 54, 1),
       (209, 28, 0),
       (209, 41, 1),
       (210, 39, 1),
       (211, 9, 1),
       (211, 16, 0),
       (211, 34, 1),
       (211, 54, 1),
       (212, 50, 0),
       (212, 54, 0),
       (213, 20, 1),
       (213, 35, 1),
       (216, 18, 1),
       (216, 19, 1),
       (216, 36, 1),
       (217, 35, 0),
       (217, 39, 0),
       (217, 44, 1),
       (219, 15, 0),
       (219, 40, 1),
       (219, 52, 1),
       (220, 18, 1),
       (220, 35, 1),
       (221, 13, 1),
       (221, 27, 0),
       (221, 28, 1),
       (225, 28, 1),
       (225, 34, 1),
       (225, 41, 0),
       (226, 44, 0),
       (226, 55, 0),
       (227, 8, 1),
       (227, 10, 1);
/*!40000 ALTER TABLE `users_posts_reactions`
    ENABLE KEYS */;

-- Dumping data for table forumdb.users_roles: ~157 rows (approximately)
/*!40000 ALTER TABLE `users_roles`
    DISABLE KEYS */;
INSERT INTO `users_roles` (`user_id`, `role_id`)
VALUES (1, 1),
       (2, 2),
       (3, 2),
       (4, 2),
       (5, 2),
       (6, 2),
       (78, 2),
       (79, 2),
       (80, 2),
       (81, 2),
       (82, 2),
       (83, 2),
       (84, 2),
       (85, 2),
       (86, 2),
       (87, 2),
       (88, 2),
       (89, 2),
       (90, 2),
       (91, 2),
       (92, 2),
       (93, 2),
       (94, 2),
       (95, 2),
       (96, 2),
       (97, 2),
       (98, 2),
       (99, 2),
       (100, 2),
       (101, 2),
       (102, 2),
       (103, 2),
       (104, 2),
       (105, 2),
       (106, 2),
       (107, 2),
       (108, 2),
       (109, 2),
       (110, 2),
       (111, 2),
       (112, 2),
       (113, 2),
       (114, 2),
       (115, 2),
       (116, 2),
       (117, 2),
       (118, 2),
       (119, 2),
       (120, 2),
       (121, 2),
       (122, 2),
       (123, 2),
       (124, 2),
       (125, 2),
       (126, 2),
       (127, 2),
       (128, 2),
       (129, 2),
       (130, 2),
       (131, 2),
       (132, 2),
       (133, 2),
       (134, 2),
       (135, 2),
       (136, 2),
       (137, 2),
       (138, 2),
       (139, 2),
       (140, 2),
       (141, 2),
       (142, 2),
       (143, 2),
       (144, 2),
       (145, 2),
       (146, 2),
       (147, 2),
       (148, 2),
       (149, 2),
       (150, 2),
       (151, 2),
       (152, 2),
       (153, 2),
       (154, 2),
       (155, 2),
       (156, 2),
       (157, 2),
       (158, 2),
       (159, 2),
       (160, 2),
       (161, 2),
       (162, 2),
       (163, 2),
       (164, 2),
       (165, 2),
       (166, 2),
       (167, 2),
       (168, 2),
       (169, 2),
       (170, 2),
       (171, 2),
       (172, 2),
       (173, 2),
       (174, 2),
       (175, 2),
       (176, 2),
       (177, 2),
       (178, 2),
       (179, 2),
       (180, 2),
       (181, 2),
       (182, 2),
       (183, 2),
       (184, 2),
       (185, 2),
       (186, 2),
       (187, 2),
       (188, 2),
       (189, 2),
       (190, 2),
       (191, 2),
       (192, 2),
       (193, 2),
       (194, 2),
       (195, 2),
       (196, 2),
       (197, 2),
       (198, 2),
       (199, 2),
       (200, 2),
       (201, 2),
       (202, 2),
       (203, 2),
       (204, 2),
       (205, 2),
       (206, 2),
       (207, 2),
       (208, 2),
       (209, 2),
       (210, 2),
       (211, 2),
       (212, 2),
       (213, 2),
       (214, 2),
       (215, 2),
       (216, 2),
       (217, 2),
       (218, 2),
       (219, 2),
       (220, 2),
       (221, 2),
       (222, 2),
       (223, 2),
       (224, 2),
       (225, 2),
       (226, 2),
       (227, 2),
       (228, 2);
/*!40000 ALTER TABLE `users_roles`
    ENABLE KEYS */;

/*!40101 SET SQL_MODE = IFNULL(@OLD_SQL_MODE, '') */;
/*!40014 SET FOREIGN_KEY_CHECKS = IFNULL(@OLD_FOREIGN_KEY_CHECKS, 1) */;
/*!40101 SET CHARACTER_SET_CLIENT = @OLD_CHARACTER_SET_CLIENT */;
/*!40111 SET SQL_NOTES = IFNULL(@OLD_SQL_NOTES, 1) */;
